Workbook

Sheet 核心假设
A1: 中国AI客服软件市场 — 市场规模模型
A2: 修改 B 列蓝色数值，后续 Sheet 结果自动更新。蓝字=输入 | 黑字=公式 | 绿字=跨表引用
A4: 假设项 (Key) | B4: 数值 (Input) | C4: 单位/说明 | D4: 来源 (Source) | E4: 类型
A5: KA机构数量 | B5: 5000 | C5: 5000家 | D5: ⚠️ 假设: 参考财富500强+央企名录估算 | E5: ⚠️
A6: KA渗透率 | B6: 0.85 | C6: 85% | D6: ⚠️ 假设: 头部企业IT预算充足,采纳率高 | E6: ⚠️
A7: KA年均客单价 | B7: 150 | C7: 150万元/年 | D7: ⚠️ 假设: 纯软件授权/订阅(不含实施) | E7: ⚠️
A8: 腰部机构数量 | B8: 300000 | C8: 30万家 | D8: ⚠️ 假设: 参考规模以上服务业企业数 | E8: ⚠️
A9: 腰部渗透率 | B9: 0.4 | C9: 40% | D9: ⚠️ 假设: 中型企业渗透率30-50%取中值 | E9: ⚠️
A10: 腰部年均客单价 | B10: 5 | C10: 5万元/年 | D10: ⚠️ 假设: 参考SaaS高级版公开定价 | E10: ⚠️
A11: 小微机构数量 | B11: 10000000 | C11: 1000万家 | D11: ⚠️ 假设: 参考工商总局小微企业统计 | E11: ⚠️
A12: 小微渗透率 | B12: 0.08 | C12: 8% | D12: ⚠️ 假设: 小微企业AI工具渗透率极低 | E12: ⚠️
A13: 小微年均客单价 | B13: 0.3 | C13: 0.3万元/年 | D13: ⚠️ 假设: 参考SaaS入门版公开定价 | E13: ⚠️
A14: 可服务比例 | B14: 0.8 | C14: 80% | D14: ⚠️ 假设: 排除无信息化基础极小微企业 | E14: ⚠️
A15: 目标市占率(3年) | B15: 0.1 | C15: 10% | D15: ⚠️ 假设: 参考行业领先者市占率水平 | E15: ⚠️
A16: CAGR | B16: 0.226 | C16: 22.6% | D16: ⚠️ 假设: 参考IDC 2023-2028预测区间 | E16: ⚠️

Sheet Fermi_Calc
A1: Bottom-Up Fermi 计算过程
A2: 绿字=引用核心假设 | 黑字=公式 | 所有中间步骤可追溯
A3: 步骤 | B3: 说明 | C3: 数值/公式 (亿元) | D3: 来源类型
A4: ── KA 段 ──
A5: KA: 机构数 | B5: 引用假设 | C5: ='核心假设'!B5 | D5: 🧮 引用
A6: KA: 有效机构 | B6: × 渗透率/采用率 | C6: =C5*'核心假设'!B6 | D6: 🧮 计算
A7: KA: 市场规模 | B7: × 客单价 | C7: =C6*'核心假设'!B7 | D7: 亿元
A9: ── Mid 段 ──
A10: Mid: 机构数 | B10: 引用假设 | C10: ='核心假设'!B8 | D10: 🧮 引用
A11: Mid: 有效机构 | B11: × 渗透率/采用率 | C11: =C10*'核心假设'!B9 | D11: 🧮 计算
A12: Mid: 市场规模 | B12: × 客单价 | C12: =C11*'核心假设'!B10 | D12: 亿元
A14: ── SMB 段 ──
A15: SMB: 机构数 | B15: 引用假设 | C15: ='核心假设'!B11 | D15: 🧮 引用
A16: SMB: 有效机构 | B16: × 渗透率/采用率 | C16: =C15*'核心假设'!B12 | D16: 🧮 计算
A17: SMB: 市场规模 | B17: × 客单价 | C17: =C16*'核心假设'!B13 | D17: 亿元
A19: ★ TAM (Bottom-Up 汇总) | B19: =各段之和 | C19: =C7+C12+C17 | D19: 亿元

Sheet Market_Size_Output
A1: TAM / SAM / SOM 结果看板
A2: 所有数值由公式计算，修改假设表自动更新
A3: 指标 | B3: 数值 (亿元) | C3: 单位 | D3: 计算逻辑
A4: TAM | B4: =Fermi_Calc!C19 | C4: 亿元 | D4: 引用 Fermi_Calc!C19
A5: SAM | B5: =B4*'核心假设'!B14 | C5: 亿元 | D5: TAM x 可服务比例
A6: SOM | B6: =B5*'核心假设'!B15 | C6: 亿元 | D6: SAM x 目标市占率

Sheet Growth_Forecast
A1: 5年增长预测
A2: 基准年引用 Market_Size_Output，后续年份用 CAGR 公式推导
A3: 年份 | B3: TAM (亿元) | C3: SAM (亿元) | D3: 计算逻辑
A4: 2024 | B4: =Market_Size_Output!B4 | C4: =Market_Size_Output!B5 | D4: 基准年 (引用 Market_Size_Output)
A5: 2025 | B5: =B4*(1+'核心假设'!B16) | C5: =C4*(1+'核心假设'!B16) | D5: =B4*(1+CAGR)
A6: 2026 | B6: =B5*(1+'核心假设'!B16) | C6: =C5*(1+'核心假设'!B16) | D6: =B5*(1+CAGR)
A7: 2027 | B7: =B6*(1+'核心假设'!B16) | C7: =C6*(1+'核心假设'!B16) | D7: =B6*(1+CAGR)
A8: 2028 | B8: =B7*(1+'核心假设'!B16) | C8: =C7*(1+'核心假设'!B16) | D8: =B7*(1+CAGR)
A9: 2029 | B9: =B8*(1+'核心假设'!B16) | C9: =C8*(1+'核心假设'!B16) | D9: =B8*(1+CAGR)

Sheet Monte_Carlo
A1: Monte Carlo 模拟
A3: 输入假设 (PERT 三角分布)
A4: 假设变量 | B4: 最小值 | C4: 最可能值 | D4: 最大值
A5: KA有效机构数 (ka_vol) | B5: 3500 | C5: 4250 | D5: 4800
A6: KA客单价 (ka_price) | B6: 1000000 | C6: 1500000 | D6: 2000000
A7: Mid有效机构数 (mid_vol) | B7: 80000 | C7: 120000 | D7: 160000
A8: Mid客单价 (mid_price) | B8: 30000 | C8: 50000 | D8: 80000
A9: SMB有效机构数 (smb_vol) | B9: 500000 | C9: 800000 | D9: 1200000
A10: SMB客单价 (smb_price) | B10: 1000 | C10: 3000 | D10: 5000
A12: 模拟结果 (n=5,000)
A13: 分位数 | B13: 数值 (亿元) | C13: 含义
A14: P5 (悲观) | B14: 121.3979 | C14: 5% 概率低于此值
A15: P25 | B15: 138.01891 | C15: 下四分位
A16: P50 (中位数) | B16: 150.92629 | C16: 最可能结果
A17: P75 | B17: 164.7291 | C17: 上四分位
A18: P95 (乐观) | B18: 184.97603 | C18: 5% 概率高于此值
A20: 敏感性分析 (Tornado)
A21: 假设 | B21: 影响幅度 (%) | C21: 解读
A22: mid_price | B22: 24.365482 | C22: 最关键变量
A23: ka_price | B23: 14.382403 | C23: 次关键
A24: mid_vol | B24: 13.536379 | C24: 影响有限
A25: smb_price | B25: 10.829103 | C25: 影响有限
A26: smb_vol | B26: 8.1218274 | C26: 影响有限
A27: ka_vol | B27: -7.6142132 | C27: 影响有限

Sheet 竞争格局
A1: 竞争格局分析
A3: 品牌/企业 | B3: 市占率 | C3: 核心优势 | D3: 数据来源
A4: 阿里云 (通义千问) | B4: 11.4% | C4: 云生态+大模型能力 | D4: 📚 IDC
A5: 网易七鱼 | B5: ~10% | C5: 电商/客服场景深耕 | D5: 📚 第一新声
A6: 腾讯企点 | B6: ~8% | C6: 微信社交连接能力 | D6: ⚠️ 估算
A7: 智齿科技 | B7: ~6% | C7: 全渠道融合 | D7: 📚 第一新声
