Workbook

Sheet 核心假设
A1: 市场规模分析 - 核心假设
A3: 💡 说明: 蓝色单元格为可编辑输入项，修改后其他表格自动更新
A5: 假设项 | B5: 数值 | C5: 单位 | D5: 来源/备注
A6: 中国活塞发动机总规模 | B6: 25.5 | C6: 亿元 | D6: IndexBox 2024 ($354M)
A7: 200-500HP 细分占比 | B7: 0.45 | C7: % | D7: 主力机型(SR20/R44)占比推算
A8: 国产化/区域占比 | B8: 1 | C8: % | D8: 分析中国整体市场
A9: 潜在替代渗透率 | B9: 0.2 | C9: % | D9: 重油/混合动力替代潜力
A10: 发动机均价 | B10: 40 | C10: 万元 | D10: Lycoming/Continental均价估算
A11: 目标市占率 | B11: 0.15 | C11: % | D11: 新进入者保守目标
A12: 预测 CAGR | B12: 0.08 | C12: % | D12: 低空经济政策拉动

Sheet TAM计算
A1: TAM (Total Addressable Market) 总可触达市场
A3: 方法一: Top-Down
A4: 行业总规模 | B4: =核心假设!B6 | C4: 亿元
A5: TAM (Top-Down) | B5: =B4 | C5: 亿元
A7: 方法二: Bottom-Up
A8: 目标客户数量 | B8: 800 | C8: 台/年
A9: 目标渗透率 | B9: 1
A10: 年均客单价 | B10: =核心假设!B10 | C10: 万元
A11: TAM (Bottom-Up) | B11: =B8*B9*B10/10000 | C11: 亿元
A13: TAM 对比
A14: Top-Down | B14: =B5
A15: Bottom-Up | B15: =B11
A16: 平均值 | B16: =(B14+B15)/2

Sheet SAM计算
A1: SAM (Serviceable Addressable Market) 可服务市场
A3: 计算过程
A4: TAM | B4: =TAM计算!B16 | C4: 亿元
A5: × 目标细分占比 | B5: =核心假设!B7
A6: × 地域占比 | B6: =核心假设!B8
A8: SAM | B8: =B4*B5*B6 | C8: 亿元

Sheet SOM计算
A1: SOM (Serviceable Obtainable Market) 可获取市场
A3: 计算过程
A4: SAM | B4: =SAM计算!B8 | C4: 亿元
A5: × 目标市占率 | B5: =核心假设!B11
A7: SOM | B7: =B4*B5 | C7: 亿元
A10: 多年预测
B11: 2024 | C11: 2025 | D11: 2026 | E11: 2027 | F11: 2028
A12: SOM | B12: =B7 | C12: =B12*(1+核心假设!$B$12) | D12: =C12*(1+核心假设!$B$12) | E12: =D12*(1+核心假设!$B$12) | F12: =E12*(1+核心假设!$B$12)

Sheet 敏感性分析
A1: 敏感性分析 - SOM 对关键假设的敏感度
A3: 行: 增长率 (CAGR) | 列: 市占率
A5: CAGR \ 市占率 | B5: 1% | C5: 2% | D5: 3% | E5: 5% | F5: 8%
A6: 5% | B6: =SAM计算!$B$8*0.01*(1+0.05)^3 | C6: =SAM计算!$B$8*0.02*(1+0.05)^3 | D6: =SAM计算!$B$8*0.03*(1+0.05)^3 | E6: =SAM计算!$B$8*0.05*(1+0.05)^3 | F6: =SAM计算!$B$8*0.08*(1+0.05)^3
A7: 10% | B7: =SAM计算!$B$8*0.01*(1+0.1)^3 | C7: =SAM计算!$B$8*0.02*(1+0.1)^3 | D7: =SAM计算!$B$8*0.03*(1+0.1)^3 | E7: =SAM计算!$B$8*0.05*(1+0.1)^3 | F7: =SAM计算!$B$8*0.08*(1+0.1)^3
A8: 12% | B8: =SAM计算!$B$8*0.01*(1+0.12)^3 | C8: =SAM计算!$B$8*0.02*(1+0.12)^3 | D8: =SAM计算!$B$8*0.03*(1+0.12)^3 | E8: =SAM计算!$B$8*0.05*(1+0.12)^3 | F8: =SAM计算!$B$8*0.08*(1+0.12)^3
A9: 15% | B9: =SAM计算!$B$8*0.01*(1+0.15)^3 | C9: =SAM计算!$B$8*0.02*(1+0.15)^3 | D9: =SAM计算!$B$8*0.03*(1+0.15)^3 | E9: =SAM计算!$B$8*0.05*(1+0.15)^3 | F9: =SAM计算!$B$8*0.08*(1+0.15)^3
A10: 20% | B10: =SAM计算!$B$8*0.01*(1+0.2)^3 | C10: =SAM计算!$B$8*0.02*(1+0.2)^3 | D10: =SAM计算!$B$8*0.03*(1+0.2)^3 | E10: =SAM计算!$B$8*0.05*(1+0.2)^3 | F10: =SAM计算!$B$8*0.08*(1+0.2)^3
